<?xml version="1.0" encoding="UTF-8"?>
<preferences>
 <debug showDebugMenu="0" />
 <systemtable filter="Default">
  <columns>
   <opcodeName visible="0" />
   <connections preferredWidth="63" />
   <irq preferredWidth="34" />
   <export visible="0" />
  </columns>
 </systemtable>
 <clocktable>
  <columns>
   <clockname preferredWidth="378" />
   <clocksource preferredWidth="377" />
   <frequency preferredWidth="358" />
  </columns>
 </clocktable>
 <window width="1608" height="878" x="-4" y="-4" />
 <library
   expandedCategories="Project,Library/Video and Image Processing,Library,Project/Terasic Technologies Inc" />
</preferences>
